id;id_researcher;bibcode;years;citations;reads
1;6.0;2022ApJS..259...35A;{'2021', '2022', '2023', '2024'};{1, 83, 232, 73};{0, 0, 0, 0, 0, 0, 0, 0, 0, 0, 0, 0, 0, 0, 0, 0, 0, 0, 0, 0, 0, 0, 0, 0, 0, 252, 3298, 2431, 389}
2;6.0;2023ApJS..267...44A;{'2023', '2024'};{15, 12};{0, 0, 0, 0, 0, 0, 0, 0, 0, 0, 0, 0, 0, 0, 0, 0, 0, 0, 0, 0, 0, 0, 0, 0, 0, 0, 0, 2298, 508}
3;6.0;2020ApJS..249....3A;{'2019', '2020', '2021', '2022', '2023', '2024'};{0, 83, 207, 256, 240, 40};{0, 0, 0, 0, 0, 0, 0, 0, 0, 0, 0, 0, 0, 0, 0, 0, 0, 0, 0, 0, 0, 0, 0, 175, 1905, 1242, 1140, 960, 153}
4;6.0;2017AJ....154...28B;{'2017', '2018', '2019', '2020', '2021', '2022', '2023', '2024'};{26, 106, 163, 180, 195, 223, 179, 44};{0, 0, 0, 0, 0, 0, 0, 0, 0, 0, 0, 0, 0, 0, 0, 0, 0, 0, 0, 0, 0, 1462, 1139, 867, 1115, 848, 878, 578, 91}
5;6.0;2018ApJS..235...42A;{'2017', '2018', '2019', '2020', '2021', '2022', '2023', '2024'};{3, 128, 244, 165, 127, 84, 72, 10};{0, 0, 0, 0, 0, 0, 0, 0, 0, 0, 0, 0, 0, 0, 0, 0, 0, 0, 0, 0, 0, 683, 1766, 897, 744, 472, 411, 332, 40}
6;6.0;2022ApJ...940L...7W;{'2023', '2024'};{11, 4};{0, 0, 0, 0, 0, 0, 0, 0, 0, 0, 0, 0, 0, 0, 0, 0, 0, 0, 0, 0, 0, 0, 0, 0, 0, 0, 397, 645, 56}
7;6.0;2023ApJ...955...92V;{'2023', '2024'};{7, 1};{0, 0, 0, 0, 0, 0, 0, 0, 0, 0, 0, 0, 0, 0, 0, 0, 0, 0, 0, 0, 0, 0, 0, 0, 0, 0, 0, 528, 68}
8;6.0;2019AJ....158..231W;{'2019', '2020', '2021', '2022', '2023', '2024'};{21, 38, 50, 57, 47, 19};{0, 0, 0, 0, 0, 0, 0, 0, 0, 0, 0, 0, 0, 0, 0, 0, 0, 0, 0, 0, 0, 0, 0, 390, 567, 395, 448, 433, 62}
9;6.0;2017ApJS..233...25A;{'2016', '2017', '2018', '2019', '2020', '2021', '2022', '2023', '2024'};{5, 95, 120, 68, 66, 55, 47, 61, 11};{0, 0, 0, 0, 0, 0, 0, 0, 0, 0, 0, 0, 0, 0, 0, 0, 0, 0, 0, 0, 791, 1465, 1035, 485, 499, 253, 323, 293, 44}
10;6.0;2023ApJ...953...56V;{'2023', '2024'};{4, 2};{0, 0, 0, 0, 0, 0, 0, 0, 0, 0, 0, 0, 0, 0, 0, 0, 0, 0, 0, 0, 0, 0, 0, 0, 0, 0, 0, 453, 40}
11;6.0;2016RMxAA..52..171S;{'2016', '2017', '2018', '2019', '2020', '2021', '2022', '2023', '2024'};{5, 14, 23, 42, 31, 36, 36, 30, 10};{0, 0, 0, 0, 0, 0, 0, 0, 0, 0, 0, 0, 0, 0, 0, 0, 0, 0, 0, 0, 398, 379, 377, 364, 419, 398, 371, 337, 63}
12;6.0;2018RMxAA..54..217S;{'2018', '2019', '2020', '2021', '2022', '2023', '2024'};{11, 28, 36, 31, 33, 23, 11};{0, 0, 0, 0, 0, 0, 0, 0, 0, 0, 0, 0, 0, 0, 0, 0, 0, 0, 0, 0, 0, 189, 542, 404, 431, 393, 370, 301, 54}
13;6.0;2024MNRAS.52710201E;{'2024'};{1};{0, 0, 0, 0, 0, 0, 0, 0, 0, 0, 0, 0, 0, 0, 0, 0, 0, 0, 0, 0, 0, 0, 0, 0, 0, 0, 0, 13, 95}
14;6.0;2022ApJS..262...36S;{'2022', '2023', '2024'};{3, 28, 14};{0, 0, 0, 0, 0, 0, 0, 0, 0, 0, 0, 0, 0, 0, 0, 0, 0, 0, 0, 0, 0, 0, 0, 0, 0, 0, 320, 390, 60}
15;6.0;2019ApJS..240...23A;{'2019', '2020', '2021', '2022', '2023', '2024'};{36, 89, 71, 58, 41, 7};{0, 0, 0, 0, 0, 0, 0, 0, 0, 0, 0, 0, 0, 0, 0, 0, 0, 0, 0, 0, 0, 0, 80, 873, 662, 352, 283, 247, 40}
16;6.0;2024ApJ...960..126V;{'2023', '2024'};{2, 0};{0, 0, 0, 0, 0, 0, 0, 0, 0, 0, 0, 0, 0, 0, 0, 0, 0, 0, 0, 0, 0, 0, 0, 0, 0, 0, 0, 210, 93}
17;6.0;2016RMxAA..52...21S;{'2015', '2016', '2017', '2018', '2019', '2020', '2021', '2022', '2023', '2024'};{1, 8, 15, 18, 35, 26, 32, 37, 33, 10};{0, 0, 0, 0, 0, 0, 0, 0, 0, 0, 0, 0, 0, 0, 0, 0, 0, 0, 0, 134, 308, 298, 317, 316, 322, 285, 283, 236, 41}
18;6.0;2023ApJ...953L..26R;{'2024'};{0};{0, 0, 0, 0, 0, 0, 0, 0, 0, 0, 0, 0, 0, 0, 0, 0, 0, 0, 0, 0, 0, 0, 0, 0, 0, 0, 0, 234, 31}
19;6.0;2014A&A...563A..49S;{'2014', '2015', '2016', '2017', '2018', '2019', '2020', '2021', '2022', '2023', '2024'};{14, 39, 47, 42, 40, 45, 34, 39, 41, 24, 8};{0, 0, 0, 0, 0, 0, 0, 0, 0, 0, 0, 0, 0, 0, 0, 0, 0, 133, 694, 478, 359, 286, 229, 190, 223, 170, 142, 131, 26}
20;6.0;2017ApJ...846..159B;{'2017', '2018', '2019', '2020', '2021', '2022', '2023', '2024'};{2, 15, 23, 20, 23, 31, 24, 4};{0, 0, 0, 0, 0, 0, 0, 0, 0, 0, 0, 0, 0, 0, 0, 0, 0, 0, 0, 0, 0, 400, 376, 351, 364, 327, 226, 239, 41}
21;6.0;2024A&A...682A..71S;{'2024'};{1};{0, 0, 0, 0, 0, 0, 0, 0, 0, 0, 0, 0, 0, 0, 0, 0, 0, 0, 0, 0, 0, 0, 0, 0, 0, 0, 0, 71, 30}
22;6.0;2024arXiv240113181W;{'2024'};{0};{0, 0, 0, 0, 0, 0, 0, 0, 0, 0, 0, 0, 0, 0, 0, 0, 0, 0, 0, 0, 0, 0, 0, 0, 0, 0, 0, 0, 56}
23;6.0;2022NewA...9701895L;{'2022', '2023', '2024'};{11, 11, 3};{0, 0, 0, 0, 0, 0, 0, 0, 0, 0, 0, 0, 0, 0, 0, 0, 0, 0, 0, 0, 0, 0, 0, 0, 0, 0, 326, 186, 33}
24;6.0;2020AJ....159..167L;{'2020', '2021', '2022', '2023', '2024'};{9, 13, 14, 15, 5};{0, 0, 0, 0, 0, 0, 0, 0, 0, 0, 0, 0, 0, 0, 0, 0, 0, 0, 0, 0, 0, 0, 0, 0, 492, 333, 256, 174, 33}
25;6.0;2016A&A...594A..36S;{'2016', '2017', '2018', '2019', '2020', '2021', '2022', '2023', '2024'};{2, 23, 30, 36, 28, 24, 29, 23, 6};{0, 0, 0, 0, 0, 0, 0, 0, 0, 0, 0, 0, 0, 0, 0, 0, 0, 0, 0, 0, 489, 430, 289, 264, 258, 192, 155, 142, 26}
26;6.0;2023MNRAS.526.5555S;{'2023', '2024'};{0, 1};{0, 0, 0, 0, 0, 0, 0, 0, 0, 0, 0, 0, 0, 0, 0, 0, 0, 0, 0, 0, 0, 0, 0, 0, 0, 0, 0, 205, 47}
27;6.0;2023ApJS..268....3C;{'2023', '2024'};{1, 0};{0, 0, 0, 0, 0, 0, 0, 0, 0, 0, 0, 0, 0, 0, 0, 0, 0, 0, 0, 0, 0, 0, 0, 0, 0, 0, 0, 127, 17}
28;6.0;2023RMxAA..59..213B;{'2022', '2023', '2024'};{1, 5, 0};{0, 0, 0, 0, 0, 0, 0, 0, 0, 0, 0, 0, 0, 0, 0, 0, 0, 0, 0, 0, 0, 0, 0, 0, 0, 0, 127, 186, 35}
29;6.0;2022MNRAS.514.2298B;{'2023', '2024'};{6, 3};{0, 0, 0, 0, 0, 0, 0, 0, 0, 0, 0, 0, 0, 0, 0, 0, 0, 0, 0, 0, 0, 0, 0, 0, 0, 0, 247, 108, 10}
30;6.0;2017A&A...597A..48F;{'2016', '2017', '2018', '2019', '2020', '2021', '2022', '2023', '2024'};{3, 20, 24, 22, 17, 8, 13, 8, 1};{0, 0, 0, 0, 0, 0, 0, 0, 0, 0, 0, 0, 0, 0, 0, 0, 0, 0, 0, 0, 203, 431, 287, 218, 185, 117, 147, 131, 23}
31;6.0;2024MNRAS.528.6099L;{'2024'};{0};{0, 0, 0, 0, 0, 0, 0, 0, 0, 0, 0, 0, 0, 0, 0, 0, 0, 0, 0, 0, 0, 0, 0, 0, 0, 0, 0, 0, 61}
32;6.0;2014A&A...569A...1W;{'2014', '2015', '2016', '2017', '2018', '2019', '2020', '2021', '2022', '2023', '2024'};{5, 20, 18, 24, 32, 34, 23, 18, 13, 10, 3};{0, 0, 0, 0, 0, 0, 0, 0, 0, 0, 0, 0, 0, 0, 0, 0, 0, 0, 333, 418, 377, 239, 255, 228, 158, 134, 99, 98, 19}
33;6.0;2018MNRAS.474.2039E;{'2017', '2018', '2019', '2020', '2021', '2022', '2023', '2024'};{1, 11, 27, 29, 19, 22, 16, 5};{0, 0, 0, 0, 0, 0, 0, 0, 0, 0, 0, 0, 0, 0, 0, 0, 0, 0, 0, 0, 0, 168, 500, 226, 218, 180, 120, 147, 16}
34;6.0;2015A&A...576A.135G;{'2015', '2016', '2017', '2018', '2019', '2020', '2021', '2022', '2023', '2024'};{14, 28, 28, 19, 23, 18, 16, 11, 12, 4};{0, 0, 0, 0, 0, 0, 0, 0, 0, 0, 0, 0, 0, 0, 0, 0, 0, 0, 205, 622, 380, 209, 184, 211, 174, 107, 112, 105, 20}
35;6.0;2023ApJ...952..122G;{'2024'};{2};{0, 0, 0, 0, 0, 0, 0, 0, 0, 0, 0, 0, 0, 0, 0, 0, 0, 0, 0, 0, 0, 0, 0, 0, 0, 0, 0, 131, 13}
36;6.0;2021MNRAS.505L..46E;{'2021', '2022', '2023', '2024'};{2, 13, 12, 4};{0, 0, 0, 0, 0, 0, 0, 0, 0, 0, 0, 0, 0, 0, 0, 0, 0, 0, 0, 0, 0, 0, 0, 0, 0, 321, 213, 130, 24}
37;6.0;2018ApJ...860...92L;{'2018', '2019', '2020', '2021', '2022', '2023', '2024'};{1, 12, 8, 13, 10, 8, 4};{0, 0, 0, 0, 0, 0, 0, 0, 0, 0, 0, 0, 0, 0, 0, 0, 0, 0, 0, 0, 0, 0, 252, 280, 236, 189, 148, 118, 14}
38;6.0;2013A&A...549A..87H;{'2013', '2014', '2015', '2016', '2017', '2018', '2019', '2020', '2021', '2022', '2023', '2024'};{9, 16, 22, 20, 26, 15, 19, 16, 15, 5, 9, 1};{0, 0, 0, 0, 0, 0, 0, 0, 0, 0, 0, 0, 0, 0, 0, 0, 204, 820, 584, 367, 209, 187, 164, 165, 146, 96, 59, 65, 16}
39;6.0;2021MNRAS.508.4844N;{'2021', '2022', '2023', '2024'};{1, 4, 6, 2};{0, 0, 0, 0, 0, 0, 0, 0, 0, 0, 0, 0, 0, 0, 0, 0, 0, 0, 0, 0, 0, 0, 0, 0, 0, 154, 182, 126, 16}
40;6.0;2016MNRAS.463.2513B;{'2017', '2018', '2019', '2020', '2021', '2022', '2023', '2024'};{9, 11, 11, 12, 12, 12, 8, 3};{0, 0, 0, 0, 0, 0, 0, 0, 0, 0, 0, 0, 0, 0, 0, 0, 0, 0, 0, 0, 251, 280, 164, 137, 232, 97, 83, 141, 16}
41;6.0;2022RASTI...1....3L;{'2023', '2024'};{2, 3};{0, 0, 0, 0, 0, 0, 0, 0, 0, 0, 0, 0, 0, 0, 0, 0, 0, 0, 0, 0, 0, 0, 0, 0, 0, 0, 159, 138, 23}
42;6.0;2023arXiv230413070S;{'2024'};{0};{0, 0, 0, 0, 0, 0, 0, 0, 0, 0, 0, 0, 0, 0, 0, 0, 0, 0, 0, 0, 0, 0, 0, 0, 0, 0, 0, 137, 10}
43;6.0;2022ApJ...939...40L;{'2023', '2024'};{3, 3};{0, 0, 0, 0, 0, 0, 0, 0, 0, 0, 0, 0, 0, 0, 0, 0, 0, 0, 0, 0, 0, 0, 0, 0, 0, 0, 106, 107, 15}
44;6.0;2021MNRAS.503.3643B;{'2021', '2022', '2023', '2024'};{7, 13, 6, 1};{0, 0, 0, 0, 0, 0, 0, 0, 0, 0, 0, 0, 0, 0, 0, 0, 0, 0, 0, 0, 0, 0, 0, 0, 0, 354, 141, 122, 11}
45;6.0;2021ApJ...923...60V;{'2022', '2023', '2024'};{3, 2, 1};{0, 0, 0, 0, 0, 0, 0, 0, 0, 0, 0, 0, 0, 0, 0, 0, 0, 0, 0, 0, 0, 0, 0, 0, 0, 133, 227, 99, 10}
46;6.0;2022MNRAS.512.3436E;{'2022', '2023', '2024'};{5, 4, 3};{0, 0, 0, 0, 0, 0, 0, 0, 0, 0, 0, 0, 0, 0, 0, 0, 0, 0, 0, 0, 0, 0, 0, 0, 0, 0, 245, 97, 12}
47;6.0;2020MNRAS.494.1622E;{'2020', '2021', '2022', '2023', '2024'};{2, 10, 15, 4, 5};{0, 0, 0, 0, 0, 0, 0, 0, 0, 0, 0, 0, 0, 0, 0, 0, 0, 0, 0, 0, 0, 0, 0, 0, 251, 179, 138, 107, 11}
48;6.0;2021RMxAA..57....3S;{'2021', '2022', '2023', '2024'};{12, 14, 12, 3};{0, 0, 0, 0, 0, 0, 0, 0, 0, 0, 0, 0, 0, 0, 0, 0, 0, 0, 0, 0, 0, 0, 0, 0, 265, 240, 143, 95, 9}
49;6.0;2022ApJ...929...47A;{'2022', '2023', '2024'};{2, 3, 3};{0, 0, 0, 0, 0, 0, 0, 0, 0, 0, 0, 0, 0, 0, 0, 0, 0, 0, 0, 0, 0, 0, 0, 0, 0, 0, 209, 74, 5}
50;6.0;2017MNRAS.469.2121S;{'2017', '2018', '2019', '2020', '2021', '2022', '2023', '2024'};{3, 12, 31, 22, 10, 13, 7, 8};{0, 0, 0, 0, 0, 0, 0, 0, 0, 0, 0, 0, 0, 0, 0, 0, 0, 0, 0, 0, 0, 395, 312, 212, 142, 122, 66, 85, 12}
51;6.0;2015A&A...582A..21B;{'2015', '2016', '2017', '2018', '2019', '2020', '2021', '2022', '2023', '2024'};{2, 8, 8, 8, 11, 12, 15, 12, 11, 1};{0, 0, 0, 0, 0, 0, 0, 0, 0, 0, 0, 0, 0, 0, 0, 0, 0, 0, 0, 201, 204, 113, 111, 143, 112, 129, 72, 90, 5}
52;6.0;2019ApJ...881..119P;{'2020', '2021', '2022', '2023', '2024'};{6, 8, 12, 10, 1};{0, 0, 0, 0, 0, 0, 0, 0, 0, 0, 0, 0, 0, 0, 0, 0, 0, 0, 0, 0, 0, 0, 0, 114, 253, 175, 124, 103, 16}
53;6.0;2019A&A...632A..59F;{'2020', '2021', '2022', '2023', '2024'};{13, 12, 7, 4, 2};{0, 0, 0, 0, 0, 0, 0, 0, 0, 0, 0, 0, 0, 0, 0, 0, 0, 0, 0, 0, 0, 0, 0, 171, 289, 127, 103, 101, 17}
54;6.0;2021MNRAS.503.1615S;{'2021', '2022', '2023', '2024'};{8, 12, 10, 2};{0, 0, 0, 0, 0, 0, 0, 0, 0, 0, 0, 0, 0, 0, 0, 0, 0, 0, 0, 0, 0, 0, 0, 0, 0, 348, 159, 84, 16}
55;6.0;2015A&A...576A.102A;{'2015', '2016', '2017', '2018', '2019', '2020', '2021', '2022', '2023', '2024'};{3, 10, 7, 9, 16, 10, 7, 8, 9, 4};{0, 0, 0, 0, 0, 0, 0, 0, 0, 0, 0, 0, 0, 0, 0, 0, 0, 0, 0, 292, 168, 120, 147, 124, 78, 74, 77, 90, 13}
56;6.0;2018ApJ...868..132P;{'2019', '2020', '2021', '2022', '2023', '2024'};{7, 8, 4, 14, 10, 3};{0, 0, 0, 0, 0, 0, 0, 0, 0, 0, 0, 0, 0, 0, 0, 0, 0, 0, 0, 0, 0, 0, 139, 334, 209, 123, 96, 97, 11}
57;6.0;2020ApJ...900..109A;{'2020', '2021', '2022', '2023', '2024'};{1, 4, 9, 6, 1};{0, 0, 0, 0, 0, 0, 0, 0, 0, 0, 0, 0, 0, 0, 0, 0, 0, 0, 0, 0, 0, 0, 0, 0, 330, 252, 155, 80, 10}
58;6.0;2018MNRAS.480.2544R;{'2019', '2020', '2021', '2022', '2023', '2024'};{10, 6, 5, 7, 4, 2};{0, 0, 0, 0, 0, 0, 0, 0, 0, 0, 0, 0, 0, 0, 0, 0, 0, 0, 0, 0, 0, 0, 286, 261, 156, 123, 104, 104, 18}
59;6.0;2018ApJ...852...74B;{'2018', '2019', '2020', '2021', '2022', '2023', '2024'};{4, 14, 13, 10, 11, 7, 3};{0, 0, 0, 0, 0, 0, 0, 0, 0, 0, 0, 0, 0, 0, 0, 0, 0, 0, 0, 0, 0, 62, 230, 188, 191, 98, 73, 78, 21}
60;6.0;2019MNRAS.484.3042S;{'2019', '2020', '2021', '2022', '2023', '2024'};{6, 20, 18, 18, 5, 4};{0, 0, 0, 0, 0, 0, 0, 0, 0, 0, 0, 0, 0, 0, 0, 0, 0, 0, 0, 0, 0, 0, 0, 343, 169, 115, 77, 78, 16}
61;6.0;2022ApJS..261...20M;{'2022', '2023', '2024'};{3, 2, 0};{0, 0, 0, 0, 0, 0, 0, 0, 0, 0, 0, 0, 0, 0, 0, 0, 0, 0, 0, 0, 0, 0, 0, 0, 0, 72, 167, 64, 7}
62;6.0;2017ApJ...844...80B;{'2017', '2018', '2019', '2020', '2021', '2022', '2023', '2024'};{1, 8, 19, 10, 7, 9, 4, 5};{0, 0, 0, 0, 0, 0, 0, 0, 0, 0, 0, 0, 0, 0, 0, 0, 0, 0, 0, 0, 0, 188, 141, 133, 170, 87, 59, 62, 16}
63;6.0;2017ApJ...851L..24H;{'2017', '2018', '2019', '2020', '2021', '2022', '2023', '2024'};{1, 6, 16, 22, 15, 11, 5, 2};{0, 0, 0, 0, 0, 0, 0, 0, 0, 0, 0, 0, 0, 0, 0, 0, 0, 0, 0, 0, 0, 80, 257, 169, 131, 92, 71, 43, 4}
64;6.0;2019ApJ...872..144H;{'2019', '2020', '2021', '2022', '2023', '2024'};{4, 6, 9, 7, 7, 2};{0, 0, 0, 0, 0, 0, 0, 0, 0, 0, 0, 0, 0, 0, 0, 0, 0, 0, 0, 0, 0, 0, 44, 228, 166, 131, 98, 78, 7}
65;6.0;2014A&A...572A..38G;{'2015', '2016', '2017', '2018', '2019', '2020', '2021', '2022', '2023', '2024'};{9, 15, 9, 11, 11, 10, 9, 5, 10, 1};{0, 0, 0, 0, 0, 0, 0, 0, 0, 0, 0, 0, 0, 0, 0, 0, 0, 0, 187, 335, 175, 118, 101, 99, 76, 52, 58, 50, 12}
66;6.0;2023IAUS..373....3S;{'2023', '2024'};{0, 0};{0, 0, 0, 0, 0, 0, 0, 0, 0, 0, 0, 0, 0, 0, 0, 0, 0, 0, 0, 0, 0, 0, 0, 0, 0, 0, 36, 83, 12}
67;6.0;2021ApJ...920...62N;{'2021', '2022', '2023', '2024'};{1, 7, 5, 1};{0, 0, 0, 0, 0, 0, 0, 0, 0, 0, 0, 0, 0, 0, 0, 0, 0, 0, 0, 0, 0, 0, 0, 0, 0, 143, 119, 97, 7}
68;6.0;2015A&A...573A..59G;{'2015', '2016', '2017', '2018', '2019', '2020', '2021', '2022', '2023', '2024'};{11, 8, 4, 7, 4, 4, 2, 2, 5, 1};{0, 0, 0, 0, 0, 0, 0, 0, 0, 0, 0, 0, 0, 0, 0, 0, 0, 0, 165, 359, 244, 156, 116, 127, 65, 80, 80, 72, 3}
69;6.0;2014A&A...568A..70B;{'2014', '2015', '2016', '2017', '2018', '2019', '2020', '2021', '2022', '2023', '2024'};{1, 9, 7, 6, 8, 8, 5, 3, 7, 6, 1};{0, 0, 0, 0, 0, 0, 0, 0, 0, 0, 0, 0, 0, 0, 0, 0, 0, 0, 213, 238, 128, 124, 95, 132, 70, 127, 57, 66, 8}
70;6.0;2020A&A...644A..97C;{'2021', '2022', '2023', '2024'};{5, 9, 8, 2};{0, 0, 0, 0, 0, 0, 0, 0, 0, 0, 0, 0, 0, 0, 0, 0, 0, 0, 0, 0, 0, 0, 0, 0, 161, 202, 107, 72, 9}
71;6.0;2021A&A...652L..10S;{'2021', '2022', '2023', '2024'};{1, 3, 1, 1};{0, 0, 0, 0, 0, 0, 0, 0, 0, 0, 0, 0, 0, 0, 0, 0, 0, 0, 0, 0, 0, 0, 0, 0, 0, 157, 121, 56, 4}
72;6.0;2020MNRAS.492.2651B;{'2020', '2021', '2022', '2023', '2024'};{9, 10, 12, 7, 2};{0, 0, 0, 0, 0, 0, 0, 0, 0, 0, 0, 0, 0, 0, 0, 0, 0, 0, 0, 0, 0, 0, 0, 87, 270, 150, 81, 52, 5}
73;6.0;2021ApJ...909..131B;{'2021', '2022', '2023', '2024'};{4, 10, 4, 1};{0, 0, 0, 0, 0, 0, 0, 0, 0, 0, 0, 0, 0, 0, 0, 0, 0, 0, 0, 0, 0, 0, 0, 0, 0, 227, 100, 47, 5}
74;6.0;2021MNRAS.505.5460V;{'2022', '2023', '2024'};{3, 1, 0};{0, 0, 0, 0, 0, 0, 0, 0, 0, 0, 0, 0, 0, 0, 0, 0, 0, 0, 0, 0, 0, 0, 0, 0, 0, 122, 124, 52, 6}
75;6.0;2019MNRAS.482.4032L;{'2019', '2020', '2021', '2022', '2023', '2024'};{4, 11, 9, 9, 6, 1};{0, 0, 0, 0, 0, 0, 0, 0, 0, 0, 0, 0, 0, 0, 0, 0, 0, 0, 0, 0, 0, 0, 75, 184, 162, 95, 60, 49, 7}
76;6.0;2022A&A...661L...5M;{'2024'};{1};{0, 0, 0, 0, 0, 0, 0, 0, 0, 0, 0, 0, 0, 0, 0, 0, 0, 0, 0, 0, 0, 0, 0, 0, 0, 0, 96, 38, 1}
77;6.0;2015A&A...579A..45B;{'2015', '2016', '2017', '2018', '2019', '2020', '2021', '2022', '2023', '2024'};{4, 6, 3, 7, 10, 7, 7, 4, 8, 2};{0, 0, 0, 0, 0, 0, 0, 0, 0, 0, 0, 0, 0, 0, 0, 0, 0, 0, 0, 228, 134, 95, 97, 107, 62, 38, 39, 39, 2}
78;6.0;2014A&A...567A.132W;{'2014', '2015', '2016', '2017', '2018', '2019', '2020', '2021', '2022', '2023', '2024'};{1, 7, 2, 7, 9, 7, 2, 2, 3, 2, 0};{0, 0, 0, 0, 0, 0, 0, 0, 0, 0, 0, 0, 0, 0, 0, 0, 0, 0, 342, 255, 175, 134, 126, 114, 54, 40, 37, 38, 6}
79;6.0;2022yCat..22620036S;{'2022', '2023', '2024'};{0, 0, 0};{0, 0, 0, 0, 0, 0, 0, 0, 0, 0, 0, 0, 0, 0, 0, 0, 0, 0, 0, 0, 0, 0, 0, 0, 0, 0, 2, 59, 7}
80;6.0;2015MNRAS.451.1307Z;{'2016', '2017', '2018', '2019', '2020', '2021', '2022', '2023', '2024'};{1, 3, 1, 3, 2, 1, 5, 0, 0};{0, 0, 0, 0, 0, 0, 0, 0, 0, 0, 0, 0, 0, 0, 0, 0, 0, 0, 0, 161, 132, 84, 43, 85, 49, 41, 52, 34, 10}
81;6.0;2017MNRAS.467.2612W;{'2017', '2018', '2019', '2020', '2021', '2022', '2023', '2024'};{1, 7, 5, 3, 3, 3, 4, 0};{0, 0, 0, 0, 0, 0, 0, 0, 0, 0, 0, 0, 0, 0, 0, 0, 0, 0, 0, 0, 88, 358, 148, 143, 124, 53, 43, 33, 9}
82;6.0;2015A&A...573A.105S;{'2015', '2016', '2017', '2018', '2019', '2020', '2021', '2022', '2023', '2024'};{4, 4, 1, 7, 2, 5, 4, 8, 2, 1};{0, 0, 0, 0, 0, 0, 0, 0, 0, 0, 0, 0, 0, 0, 0, 0, 0, 0, 82, 304, 109, 73, 44, 66, 41, 37, 36, 28, 6}
83;6.0;2022ascl.soft03017W;{'2022', '2023', '2024'};{0, 0, 0};{0, 0, 0, 0, 0, 0, 0, 0, 0, 0, 0, 0, 0, 0, 0, 0, 0, 0, 0, 0, 0, 0, 0, 0, 0, 0, 53, 48, 4}
84;6.0;2019ApJ...886L...2L;{'2021', '2022', '2023', '2024'};{1, 1, 0, 0};{0, 0, 0, 0, 0, 0, 0, 0, 0, 0, 0, 0, 0, 0, 0, 0, 0, 0, 0, 0, 0, 0, 0, 83, 98, 62, 48, 45, 8}
85;6.0;2015MNRAS.451.4397H;{'2015', '2016', '2017', '2018', '2019', '2020', '2021', '2022', '2023', '2024'};{1, 4, 3, 6, 8, 3, 0, 4, 2, 0};{0, 0, 0, 0, 0, 0, 0, 0, 0, 0, 0, 0, 0, 0, 0, 0, 0, 0, 0, 148, 124, 89, 66, 79, 55, 46, 26, 33, 1}
86;6.0;2022RNAAS...6..183B;{'2022', '2023', '2024'};{0, 0, 0};{0, 0, 0, 0, 0, 0, 0, 0, 0, 0, 0, 0, 0, 0, 0, 0, 0, 0, 0, 0, 0, 0, 0, 0, 0, 0, 34, 34, 3}
87;6.0;2023ApJ...945..169A;{'2023', '2024'};{0, 0};{0, 0, 0, 0, 0, 0, 0, 0, 0, 0, 0, 0, 0, 0, 0, 0, 0, 0, 0, 0, 0, 0, 0, 0, 0, 0, 0, 35, 3}
88;6.0;2017jwst.prop.1335W;{'2017', '2018', '2019', '2020', '2021', '2022', '2023', '2024'};{0, 0, 0, 0, 0, 0, 0, 0};{0, 0, 0, 0, 0, 0, 0, 0, 0, 0, 0, 0, 0, 0, 0, 0, 0, 0, 0, 0, 0, 12, 26, 23, 24, 22, 45, 31, 2}
89;6.0;2017ApJ...850L..17L;{'2017', '2018', '2019', '2020', '2021', '2022', '2023', '2024'};{0, 2, 2, 3, 3, 1, 0, 2};{0, 0, 0, 0, 0, 0, 0, 0, 0, 0, 0, 0, 0, 0, 0, 0, 0, 0, 0, 0, 0, 64, 102, 67, 52, 25, 29, 26, 4}
90;6.0;2017MNRAS.468.4494Z;{'2017', '2018', '2019', '2020', '2021', '2022', '2023', '2024'};{1, 4, 3, 0, 2, 0, 5, 1};{0, 0, 0, 0, 0, 0, 0, 0, 0, 0, 0, 0, 0, 0, 0, 0, 0, 0, 0, 0, 0, 221, 114, 45, 74, 26, 24, 27, 1}
91;6.0;2020yCat..51590167L;{'2020', '2021', '2022', '2023', '2024'};{0, 0, 0, 0, 0};{0, 0, 0, 0, 0, 0, 0, 0, 0, 0, 0, 0, 0, 0, 0, 0, 0, 0, 0, 0, 0, 0, 0, 0, 21, 45, 32, 27, 7}
92;6.0;2021ApJ...922L..20C;{'2022', '2023', '2024'};{1, 1, 0};{0, 0, 0, 0, 0, 0, 0, 0, 0, 0, 0, 0, 0, 0, 0, 0, 0, 0, 0, 0, 0, 0, 0, 0, 0, 50, 62, 19, 4}
93;6.0;2022ascl.soft06023L;{'2022', '2023', '2024'};{0, 0, 0};{0, 0, 0, 0, 0, 0, 0, 0, 0, 0, 0, 0, 0, 0, 0, 0, 0, 0, 0, 0, 0, 0, 0, 0, 0, 0, 25, 21, 8}
94;6.0;2016A&A...592A.105M;{'2017', '2018', '2019', '2020', '2021', '2022', '2023', '2024'};{1, 1, 3, 4, 2, 0, 3, 2};{0, 0, 0, 0, 0, 0, 0, 0, 0, 0, 0, 0, 0, 0, 0, 0, 0, 0, 0, 0, 163, 129, 60, 92, 50, 31, 23, 31, 3}
95;6.0;2022ascl.soft06010E;{'2022', '2023', '2024'};{0, 0, 0};{0, 0, 0, 0, 0, 0, 0, 0, 0, 0, 0, 0, 0, 0, 0, 0, 0, 0, 0, 0, 0, 0, 0, 0, 0, 0, 29, 15, 2}
96;6.0;2016A&A...593A.114B;{'2017', '2018', '2019', '2020', '2021', '2022', '2023', '2024'};{3, 1, 1, 1, 2, 0, 1, 0};{0, 0, 0, 0, 0, 0, 0, 0, 0, 0, 0, 0, 0, 0, 0, 0, 0, 0, 0, 0, 164, 163, 66, 67, 32, 27, 15, 20, 5}
97;6.0;2016ascl.soft09015S;{'2016', '2017', '2018', '2019', '2020', '2021', '2022', '2023', '2024'};{0, 0, 0, 0, 0, 0, 0, 0, 0};{0, 0, 0, 0, 0, 0, 0, 0, 0, 0, 0, 0, 0, 0, 0, 0, 0, 0, 0, 0, 19, 45, 39, 34, 42, 23, 22, 25, 6}
98;6.0;2021essp.confE..29S;{'2022', '2023', '2024'};{0, 0, 0};{0, 0, 0, 0, 0, 0, 0, 0, 0, 0, 0, 0, 0, 0, 0, 0, 0, 0, 0, 0, 0, 0, 0, 0, 0, 36, 30, 17, 3}
99;6.0;2018yCat..35940036S;{'2018', '2019', '2020', '2021', '2022', '2023', '2024'};{0, 0, 0, 0, 0, 0, 0};{0, 0, 0, 0, 0, 0, 0, 0, 0, 0, 0, 0, 0, 0, 0, 0, 0, 0, 0, 0, 0, 0, 21, 45, 36, 14, 19, 27, 1}
100;6.0;2017yCat..35970048F;{'2017', '2018', '2019', '2020', '2021', '2022', '2023', '2024'};{0, 0, 0, 0, 0, 0, 0, 0};{0, 0, 0, 0, 0, 0, 0, 0, 0, 0, 0, 0, 0, 0, 0, 0, 0, 0, 0, 0, 0, 17, 42, 11, 19, 9, 23, 13, 1}
101;6.0;2018yCat..18460159B;{'2018', '2019', '2020', '2021', '2022', '2023', '2024'};{0, 0, 0, 0, 0, 0, 0};{0, 0, 0, 0, 0, 0, 0, 0, 0, 0, 0, 0, 0, 0, 0, 0, 0, 0, 0, 0, 0, 0, 13, 22, 15, 9, 7, 17, 1}
102;6.0;2020sea..confE..35E;{'2020', '2021', '2022', '2023', '2024'};{0, 0, 0, 0, 0};{0, 0, 0, 0, 0, 0, 0, 0, 0, 0, 0, 0, 0, 0, 0, 0, 0, 0, 0, 0, 0, 0, 0, 0, 19, 36, 16, 8, 1}
103;6.0;2021essp.confE...1B;{'2022', '2023', '2024'};{0, 0, 0};{0, 0, 0, 0, 0, 0, 0, 0, 0, 0, 0, 0, 0, 0, 0, 0, 0, 0, 0, 0, 0, 0, 0, 0, 0, 16, 16, 8, 0}
104;6.0;2020BAAA...61C...1B;{'2020', '2021', '2022', '2023', '2024'};{0, 0, 0, 0, 0};{0, 0, 0, 0, 0, 0, 0, 0, 0, 0, 0, 0, 0, 0, 0, 0, 0, 0, 0, 0, 0, 0, 0, 31, 102, 18, 10, 11, 0}
105;6.0;2022yCat..74843042S;{'2022', '2023', '2024'};{0, 0, 0};{0, 0, 0, 0, 0, 0, 0, 0, 0, 0, 0, 0, 0, 0, 0, 0, 0, 0, 0, 0, 0, 0, 0, 0, 0, 0, 6, 8, 0}
106;6.0;2020IAUGA..30..263B;{'2020', '2021', '2022', '2023', '2024'};{0, 0, 0, 0, 0};{0, 0, 0, 0, 0, 0, 0, 0, 0, 0, 0, 0, 0, 0, 0, 0, 0, 0, 0, 0, 0, 0, 0, 0, 52, 14, 9, 14, 0}
107;6.0;2019AAS...23314417R;{'2019', '2020', '2021', '2022', '2023', '2024'};{0, 0, 0, 0, 0, 0};{0, 0, 0, 0, 0, 0, 0, 0, 0, 0, 0, 0, 0, 0, 0, 0, 0, 0, 0, 0, 0, 0, 0, 15, 23, 11, 9, 6, 2}
108;6.0;2015yCat..35760135G;{'2015', '2016', '2017', '2018', '2019', '2020', '2021', '2022', '2023', '2024'};{0, 0, 0, 0, 0, 0, 0, 0, 0, 0};{0, 0, 0, 0, 0, 0, 0, 0, 0, 0, 0, 0, 0, 0, 0, 0, 0, 0, 0, 33, 23, 12, 13, 16, 11, 4, 7, 6, 3}
109;6.0;2020yCat..36320059F;{'2020', '2021', '2022', '2023', '2024'};{0, 0, 0, 0, 0};{0, 0, 0, 0, 0, 0, 0, 0, 0, 0, 0, 0, 0, 0, 0, 0, 0, 0, 0, 0, 0, 0, 0, 0, 32, 21, 8, 8, 1}
110;6.0;2020yCat..74692121S;{'2020', '2021', '2022', '2023', '2024'};{0, 0, 0, 0, 0};{0, 0, 0, 0, 0, 0, 0, 0, 0, 0, 0, 0, 0, 0, 0, 0, 0, 0, 0, 0, 0, 0, 0, 0, 23, 6, 11, 6, 0}
111;6.0;2016ilgp.confE..63B;{'2016', '2017', '2018', '2019', '2020', '2021', '2022', '2023', '2024'};{0, 0, 0, 0, 0, 0, 0, 0, 0};{0, 0, 0, 0, 0, 0, 0, 0, 0, 0, 0, 0, 0, 0, 0, 0, 0, 0, 0, 0, 22, 29, 18, 23, 14, 5, 7, 8, 1}
112;6.0;2015PhDT.......391B;{'2015', '2016', '2017', '2018', '2019', '2020', '2021', '2022', '2023', '2024'};{0, 0, 0, 0, 0, 0, 0, 0, 0, 0};{0, 0, 0, 0, 0, 0, 0, 0, 0, 0, 0, 0, 0, 0, 0, 0, 0, 0, 0, 0, 0, 0, 0, 0, 0, 1, 4, 7, 0}
113;6.0;2015yCat..35730059G;{'2015', '2016', '2017', '2018', '2019', '2020', '2021', '2022', '2023', '2024'};{0, 0, 0, 0, 0, 0, 0, 0, 0, 0};{0, 0, 0, 0, 0, 0, 0, 0, 0, 0, 0, 0, 0, 0, 0, 0, 0, 0, 0, 27, 11, 12, 8, 6, 2, 2, 4, 4, 1}
114;6.0;2020sea..confE...2A;{'2020', '2021', '2022', '2023', '2024'};{0, 0, 0, 0, 0};{0, 0, 0, 0, 0, 0, 0, 0, 0, 0, 0, 0, 0, 0, 0, 0, 0, 0, 0, 0, 0, 0, 0, 0, 9, 13, 4, 4, 0}
115;6.0;2020sea..confE..89V;{'2020', '2021', '2022', '2023', '2024'};{0, 0, 0, 0, 0};{0, 0, 0, 0, 0, 0, 0, 0, 0, 0, 0, 0, 0, 0, 0, 0, 0, 0, 0, 0, 0, 0, 0, 0, 27, 26, 7, 1, 0}
116;6.0;2015IAUGA..2245583B;{'2015', '2016', '2017', '2018', '2019', '2020', '2021', '2022', '2023', '2024'};{0, 0, 0, 0, 0, 0, 0, 0, 0, 0};{0, 0, 0, 0, 0, 0, 0, 0, 0, 0, 0, 0, 0, 0, 0, 0, 0, 0, 0, 9, 12, 8, 4, 11, 5, 3, 4, 1, 1}
117;6.0;2015yCat..74511307Z;{'2015', '2016', '2017', '2018', '2019', '2020', '2021', '2022', '2023', '2024'};{0, 0, 0, 0, 0, 0, 0, 0, 0, 0};{0, 0, 0, 0, 0, 0, 0, 0, 0, 0, 0, 0, 0, 0, 0, 0, 0, 0, 0, 9, 14, 6, 1, 2, 2, 2, 2, 2, 0}
118;6.0;2016yCat..35820021B;{'2016', '2017', '2018', '2019', '2020', '2021', '2022', '2023', '2024'};{0, 0, 0, 0, 0, 0, 0, 0, 0};{0, 0, 0, 0, 0, 0, 0, 0, 0, 0, 0, 0, 0, 0, 0, 0, 0, 0, 0, 0, 19, 11, 11, 9, 4, 0, 1, 1, 1}
119;6.0;2017RMxAC..49..122H;{'2017', '2018', '2019', '2020', '2021', '2022', '2023', '2024'};{0, 0, 0, 0, 0, 0, 0, 0};{0, 0, 0, 0, 0, 0, 0, 0, 0, 0, 0, 0, 0, 0, 0, 0, 0, 0, 0, 0, 0, 9, 6, 11, 4, 5, 2, 1, 0}
120;6.0;2016ilgp.confE..48G;{'2016', '2017', '2018', '2019', '2020', '2021', '2022', '2023', '2024'};{0, 0, 0, 0, 0, 0, 0, 0, 0};{0, 0, 0, 0, 0, 0, 0, 0, 0, 0, 0, 0, 0, 0, 0, 0, 0, 0, 0, 0, 9, 20, 7, 9, 4, 0, 2, 3, 0}
121;6.0;2016diga.confE..18B;{'2016', '2017', '2018', '2019', '2020', '2021', '2022', '2023', '2024'};{0, 0, 0, 0, 0, 0, 0, 0, 0};{0, 0, 0, 0, 0, 0, 0, 0, 0, 0, 0, 0, 0, 0, 0, 0, 0, 0, 0, 0, 0, 4, 4, 8, 2, 1, 4, 1, 0}
122;6.0;2016yCat..35930114B;{'2016', '2017', '2018', '2019', '2020', '2021', '2022', '2023', '2024'};{0, 0, 0, 0, 0, 0, 0, 0, 0};{0, 0, 0, 0, 0, 0, 0, 0, 0, 0, 0, 0, 0, 0, 0, 0, 0, 0, 0, 0, 3, 7, 3, 6, 3, 2, 1, 0, 0}
